user_id,rank,recommended_product,category,price_band,avg_price,recommendation_type
C100000,1,Camera,Electronics,Economy (10k-50k),40457.56896551724,hybrid
C100000,2,Charger,Electronics,Economy (10k-50k),40528.6690647482,hybrid
C100000,3,Headphones,Electronics,Economy (10k-50k),37753.19708029197,hybrid
C100000,4,Monitor,Electronics,Economy (10k-50k),39769.319727891154,hybrid
C100000,5,Tablet,Electronics,Economy (10k-50k),42168.49315068493,hybrid
C100001,1,Camera,Electronics,Economy (10k-50k),40457.56896551724,hybrid
C100001,2,Charger,Electronics,Economy (10k-50k),40528.6690647482,hybrid
C100001,3,Headphones,Electronics,Economy (10k-50k),37753.19708029197,hybrid
C100001,4,Monitor,Electronics,Economy (10k-50k),39769.319727891154,hybrid
C100001,5,Tablet,Electronics,Economy (10k-50k),42168.49315068493,hybrid
C100002,1,Camera,Electronics,Economy (10k-50k),40457.56896551724,hybrid
C100002,2,Charger,Electronics,Economy (10k-50k),40528.6690647482,hybrid
C100002,3,Headphones,Electronics,Economy (10k-50k),37753.19708029197,hybrid
C100002,4,Monitor,Electronics,Economy (10k-50k),39769.319727891154,hybrid
C100002,5,Tablet,Electronics,Economy (10k-50k),42168.49315068493,hybrid
C100003,1,Camera,Electronics,Economy (10k-50k),40457.56896551724,hybrid
C100003,2,Charger,Electronics,Economy (10k-50k),40528.6690647482,hybrid
C100003,3,Headphones,Electronics,Economy (10k-50k),37753.19708029197,hybrid
C100003,4,Monitor,Electronics,Economy (10k-50k),39769.319727891154,hybrid
C100003,5,Tablet,Electronics,Economy (10k-50k),42168.49315068493,hybrid
C100004,1,Camera,Electronics,Economy (10k-50k),40457.56896551724,hybrid
C100004,2,Charger,Electronics,Economy (10k-50k),40528.6690647482,hybrid
C100004,3,Headphones,Electronics,Economy (10k-50k),37753.19708029197,hybrid
C100004,4,Monitor,Electronics,Economy (10k-50k),39769.319727891154,hybrid
C100004,5,Tablet,Electronics,Economy (10k-50k),42168.49315068493,hybrid
C100005,1,Camera,Electronics,Economy (10k-50k),40457.56896551724,hybrid
C100005,2,Charger,Electronics,Economy (10k-50k),40528.6690647482,hybrid
C100005,3,Headphones,Electronics,Economy (10k-50k),37753.19708029197,hybrid
C100005,4,Monitor,Electronics,Economy (10k-50k),39769.319727891154,hybrid
C100005,5,Tablet,Electronics,Economy (10k-50k),42168.49315068493,hybrid
C100006,1,Camera,Electronics,Economy (10k-50k),40457.56896551724,hybrid
C100006,2,Charger,Electronics,Economy (10k-50k),40528.6690647482,hybrid
C100006,3,Headphones,Electronics,Economy (10k-50k),37753.19708029197,hybrid
C100006,4,Monitor,Electronics,Economy (10k-50k),39769.319727891154,hybrid
C100006,5,Tablet,Electronics,Economy (10k-50k),42168.49315068493,hybrid
C100007,1,Camera,Electronics,Economy (10k-50k),40457.56896551724,hybrid
C100007,2,Charger,Electronics,Economy (10k-50k),40528.6690647482,hybrid
C100007,3,Headphones,Electronics,Economy (10k-50k),37753.19708029197,hybrid
C100007,4,Monitor,Electronics,Economy (10k-50k),39769.319727891154,hybrid
C100007,5,Tablet,Electronics,Economy (10k-50k),42168.49315068493,hybrid
C100008,1,Camera,Electronics,Economy (10k-50k),40457.56896551724,hybrid
C100008,2,Charger,Electronics,Economy (10k-50k),40528.6690647482,hybrid
C100008,3,Headphones,Electronics,Economy (10k-50k),37753.19708029197,hybrid
C100008,4,Monitor,Electronics,Economy (10k-50k),39769.319727891154,hybrid
C100008,5,Tablet,Electronics,Economy (10k-50k),42168.49315068493,hybrid
C100009,1,Camera,Electronics,Economy (10k-50k),40457.56896551724,hybrid
C100009,2,Charger,Electronics,Economy (10k-50k),40528.6690647482,hybrid
C100009,3,Headphones,Electronics,Economy (10k-50k),37753.19708029197,hybrid
C100009,4,Monitor,Electronics,Economy (10k-50k),39769.319727891154,hybrid
C100009,5,Tablet,Electronics,Economy (10k-50k),42168.49315068493,hybrid
C100010,1,Camera,Electronics,Economy (10k-50k),40457.56896551724,hybrid
C100010,2,Charger,Electronics,Economy (10k-50k),40528.6690647482,hybrid
C100010,3,Headphones,Electronics,Economy (10k-50k),37753.19708029197,hybrid
C100010,4,Monitor,Electronics,Economy (10k-50k),39769.319727891154,hybrid
C100010,5,Tablet,Electronics,Economy (10k-50k),42168.49315068493,hybrid
C100011,1,Camera,Electronics,Economy (10k-50k),40457.56896551724,hybrid
C100011,2,Charger,Electronics,Economy (10k-50k),40528.6690647482,hybrid
C100011,3,Headphones,Electronics,Economy (10k-50k),37753.19708029197,hybrid
C100011,4,Monitor,Electronics,Economy (10k-50k),39769.319727891154,hybrid
C100011,5,Tablet,Electronics,Economy (10k-50k),42168.49315068493,hybrid
C100012,1,Camera,Electronics,Economy (10k-50k),40457.56896551724,hybrid
C100012,2,Charger,Electronics,Economy (10k-50k),40528.6690647482,hybrid
C100012,3,Headphones,Electronics,Economy (10k-50k),37753.19708029197,hybrid
C100012,4,Monitor,Electronics,Economy (10k-50k),39769.319727891154,hybrid
C100012,5,Tablet,Electronics,Economy (10k-50k),42168.49315068493,hybrid
C100013,1,Camera,Electronics,Economy (10k-50k),40457.56896551724,hybrid
C100013,2,Charger,Electronics,Economy (10k-50k),40528.6690647482,hybrid
C100013,3,Headphones,Electronics,Economy (10k-50k),37753.19708029197,hybrid
C100013,4,Monitor,Electronics,Economy (10k-50k),39769.319727891154,hybrid
C100013,5,Tablet,Electronics,Economy (10k-50k),42168.49315068493,hybrid
C100014,1,Camera,Electronics,Economy (10k-50k),40457.56896551724,hybrid
C100014,2,Charger,Electronics,Economy (10k-50k),40528.6690647482,hybrid
C100014,3,Headphones,Electronics,Economy (10k-50k),37753.19708029197,hybrid
C100014,4,Monitor,Electronics,Economy (10k-50k),39769.319727891154,hybrid
C100014,5,Tablet,Electronics,Economy (10k-50k),42168.49315068493,hybrid
C100015,1,Camera,Electronics,Economy (10k-50k),40457.56896551724,hybrid
C100015,2,Charger,Electronics,Economy (10k-50k),40528.6690647482,hybrid
C100015,3,Headphones,Electronics,Economy (10k-50k),37753.19708029197,hybrid
C100015,4,Monitor,Electronics,Economy (10k-50k),39769.319727891154,hybrid
C100015,5,Tablet,Electronics,Economy (10k-50k),42168.49315068493,hybrid
C100016,1,Camera,Electronics,Economy (10k-50k),40457.56896551724,hybrid
C100016,2,Charger,Electronics,Economy (10k-50k),40528.6690647482,hybrid
C100016,3,Headphones,Electronics,Economy (10k-50k),37753.19708029197,hybrid
C100016,4,Monitor,Electronics,Economy (10k-50k),39769.319727891154,hybrid
C100016,5,Tablet,Electronics,Economy (10k-50k),42168.49315068493,hybrid
C100017,1,Camera,Electronics,Economy (10k-50k),40457.56896551724,hybrid
C100017,2,Charger,Electronics,Economy (10k-50k),40528.6690647482,hybrid
C100017,3,Headphones,Electronics,Economy (10k-50k),37753.19708029197,hybrid
C100017,4,Monitor,Electronics,Economy (10k-50k),39769.319727891154,hybrid
C100017,5,Tablet,Electronics,Economy (10k-50k),42168.49315068493,hybrid
C100018,1,Camera,Electronics,Economy (10k-50k),40457.56896551724,hybrid
C100018,2,Charger,Electronics,Economy (10k-50k),40528.6690647482,hybrid
C100018,3,Headphones,Electronics,Economy (10k-50k),37753.19708029197,hybrid
C100018,4,Monitor,Electronics,Economy (10k-50k),39769.319727891154,hybrid
C100018,5,Tablet,Electronics,Economy (10k-50k),42168.49315068493,hybrid
C100019,1,Camera,Electronics,Economy (10k-50k),40457.56896551724,hybrid
C100019,2,Charger,Electronics,Economy (10k-50k),40528.6690647482,hybrid
C100019,3,Headphones,Electronics,Economy (10k-50k),37753.19708029197,hybrid
C100019,4,Monitor,Electronics,Economy (10k-50k),39769.319727891154,hybrid
C100019,5,Tablet,Electronics,Economy (10k-50k),42168.49315068493,hybrid
C100020,1,Camera,Electronics,Economy (10k-50k),40457.56896551724,hybrid
C100020,2,Charger,Electronics,Economy (10k-50k),40528.6690647482,hybrid
C100020,3,Headphones,Electronics,Economy (10k-50k),37753.19708029197,hybrid
C100020,4,Monitor,Electronics,Economy (10k-50k),39769.319727891154,hybrid
C100020,5,Tablet,Electronics,Economy (10k-50k),42168.49315068493,hybrid
C100021,1,Camera,Electronics,Economy (10k-50k),40457.56896551724,hybrid
C100021,2,Charger,Electronics,Economy (10k-50k),40528.6690647482,hybrid
C100021,3,Headphones,Electronics,Economy (10k-50k),37753.19708029197,hybrid
C100021,4,Monitor,Electronics,Economy (10k-50k),39769.319727891154,hybrid
C100021,5,Tablet,Electronics,Economy (10k-50k),42168.49315068493,hybrid
C100022,1,Camera,Electronics,Economy (10k-50k),40457.56896551724,hybrid
C100022,2,Charger,Electronics,Economy (10k-50k),40528.6690647482,hybrid
C100022,3,Headphones,Electronics,Economy (10k-50k),37753.19708029197,hybrid
C100022,4,Monitor,Electronics,Economy (10k-50k),39769.319727891154,hybrid
C100022,5,Tablet,Electronics,Economy (10k-50k),42168.49315068493,hybrid
C100023,1,Camera,Electronics,Economy (10k-50k),40457.56896551724,hybrid
C100023,2,Charger,Electronics,Economy (10k-50k),40528.6690647482,hybrid
C100023,3,Headphones,Electronics,Economy (10k-50k),37753.19708029197,hybrid
C100023,4,Monitor,Electronics,Economy (10k-50k),39769.319727891154,hybrid
C100023,5,Tablet,Electronics,Economy (10k-50k),42168.49315068493,hybrid
C100024,1,Camera,Electronics,Economy (10k-50k),40457.56896551724,hybrid
C100024,2,Charger,Electronics,Economy (10k-50k),40528.6690647482,hybrid
C100024,3,Headphones,Electronics,Economy (10k-50k),37753.19708029197,hybrid
C100024,4,Monitor,Electronics,Economy (10k-50k),39769.319727891154,hybrid
C100024,5,Tablet,Electronics,Economy (10k-50k),42168.49315068493,hybrid
C100025,1,Camera,Electronics,Economy (10k-50k),40457.56896551724,hybrid
C100025,2,Charger,Electronics,Economy (10k-50k),40528.6690647482,hybrid
C100025,3,Headphones,Electronics,Economy (10k-50k),37753.19708029197,hybrid
C100025,4,Monitor,Electronics,Economy (10k-50k),39769.319727891154,hybrid
C100025,5,Tablet,Electronics,Economy (10k-50k),42168.49315068493,hybrid
C100026,1,Camera,Electronics,Economy (10k-50k),40457.56896551724,hybrid
C100026,2,Charger,Electronics,Economy (10k-50k),40528.6690647482,hybrid
C100026,3,Headphones,Electronics,Economy (10k-50k),37753.19708029197,hybrid
C100026,4,Monitor,Electronics,Economy (10k-50k),39769.319727891154,hybrid
C100026,5,Tablet,Electronics,Economy (10k-50k),42168.49315068493,hybrid
C100027,1,Camera,Electronics,Economy (10k-50k),40457.56896551724,hybrid
C100027,2,Charger,Electronics,Economy (10k-50k),40528.6690647482,hybrid
C100027,3,Headphones,Electronics,Economy (10k-50k),37753.19708029197,hybrid
C100027,4,Monitor,Electronics,Economy (10k-50k),39769.319727891154,hybrid
C100027,5,Tablet,Electronics,Economy (10k-50k),42168.49315068493,hybrid
C100028,1,Camera,Electronics,Economy (10k-50k),40457.56896551724,hybrid
C100028,2,Charger,Electronics,Economy (10k-50k),40528.6690647482,hybrid
C100028,3,Headphones,Electronics,Economy (10k-50k),37753.19708029197,hybrid
C100028,4,Monitor,Electronics,Economy (10k-50k),39769.319727891154,hybrid
C100028,5,Tablet,Electronics,Economy (10k-50k),42168.49315068493,hybrid
C100029,1,Camera,Electronics,Economy (10k-50k),40457.56896551724,hybrid
C100029,2,Charger,Electronics,Economy (10k-50k),40528.6690647482,hybrid
C100029,3,Headphones,Electronics,Economy (10k-50k),37753.19708029197,hybrid
C100029,4,Monitor,Electronics,Economy (10k-50k),39769.319727891154,hybrid
C100029,5,Tablet,Electronics,Economy (10k-50k),42168.49315068493,hybrid
C100030,1,Camera,Electronics,Economy (10k-50k),40457.56896551724,hybrid
C100030,2,Charger,Electronics,Economy (10k-50k),40528.6690647482,hybrid
C100030,3,Headphones,Electronics,Economy (10k-50k),37753.19708029197,hybrid
C100030,4,Monitor,Electronics,Economy (10k-50k),39769.319727891154,hybrid
C100030,5,Tablet,Electronics,Economy (10k-50k),42168.49315068493,hybrid
C100031,1,Camera,Electronics,Economy (10k-50k),40457.56896551724,hybrid
C100031,2,Charger,Electronics,Economy (10k-50k),40528.6690647482,hybrid
C100031,3,Headphones,Electronics,Economy (10k-50k),37753.19708029197,hybrid
C100031,4,Monitor,Electronics,Economy (10k-50k),39769.319727891154,hybrid
C100031,5,Tablet,Electronics,Economy (10k-50k),42168.49315068493,hybrid
C100032,1,Camera,Electronics,Economy (10k-50k),40457.56896551724,hybrid
C100032,2,Charger,Electronics,Economy (10k-50k),40528.6690647482,hybrid
C100032,3,Headphones,Electronics,Economy (10k-50k),37753.19708029197,hybrid
C100032,4,Monitor,Electronics,Economy (10k-50k),39769.319727891154,hybrid
C100032,5,Tablet,Electronics,Economy (10k-50k),42168.49315068493,hybrid
C100033,1,Camera,Electronics,Economy (10k-50k),40457.56896551724,hybrid
C100033,2,Charger,Electronics,Economy (10k-50k),40528.6690647482,hybrid
C100033,3,Headphones,Electronics,Economy (10k-50k),37753.19708029197,hybrid
C100033,4,Monitor,Electronics,Economy (10k-50k),39769.319727891154,hybrid
C100033,5,Tablet,Electronics,Economy (10k-50k),42168.49315068493,hybrid
C100034,1,Camera,Electronics,Economy (10k-50k),40457.56896551724,hybrid
C100034,2,Charger,Electronics,Economy (10k-50k),40528.6690647482,hybrid
C100034,3,Headphones,Electronics,Economy (10k-50k),37753.19708029197,hybrid
C100034,4,Monitor,Electronics,Economy (10k-50k),39769.319727891154,hybrid
C100034,5,Tablet,Electronics,Economy (10k-50k),42168.49315068493,hybrid
C100035,1,Camera,Electronics,Economy (10k-50k),40457.56896551724,hybrid
C100035,2,Charger,Electronics,Economy (10k-50k),40528.6690647482,hybrid
C100035,3,Headphones,Electronics,Economy (10k-50k),37753.19708029197,hybrid
C100035,4,Monitor,Electronics,Economy (10k-50k),39769.319727891154,hybrid
C100035,5,Tablet,Electronics,Economy (10k-50k),42168.49315068493,hybrid
C100036,1,Camera,Electronics,Economy (10k-50k),40457.56896551724,hybrid
C100036,2,Charger,Electronics,Economy (10k-50k),40528.6690647482,hybrid
C100036,3,Headphones,Electronics,Economy (10k-50k),37753.19708029197,hybrid
C100036,4,Monitor,Electronics,Economy (10k-50k),39769.319727891154,hybrid
C100036,5,Tablet,Electronics,Economy (10k-50k),42168.49315068493,hybrid
C100037,1,Camera,Electronics,Economy (10k-50k),40457.56896551724,hybrid
C100037,2,Charger,Electronics,Economy (10k-50k),40528.6690647482,hybrid
C100037,3,Headphones,Electronics,Economy (10k-50k),37753.19708029197,hybrid
C100037,4,Monitor,Electronics,Economy (10k-50k),39769.319727891154,hybrid
C100037,5,Tablet,Electronics,Economy (10k-50k),42168.49315068493,hybrid
C100038,1,Camera,Electronics,Economy (10k-50k),40457.56896551724,hybrid
C100038,2,Charger,Electronics,Economy (10k-50k),40528.6690647482,hybrid
C100038,3,Headphones,Electronics,Economy (10k-50k),37753.19708029197,hybrid
C100038,4,Monitor,Electronics,Economy (10k-50k),39769.319727891154,hybrid
C100038,5,Tablet,Electronics,Economy (10k-50k),42168.49315068493,hybrid
C100039,1,Camera,Electronics,Economy (10k-50k),40457.56896551724,hybrid
C100039,2,Charger,Electronics,Economy (10k-50k),40528.6690647482,hybrid
C100039,3,Headphones,Electronics,Economy (10k-50k),37753.19708029197,hybrid
C100039,4,Monitor,Electronics,Economy (10k-50k),39769.319727891154,hybrid
C100039,5,Tablet,Electronics,Economy (10k-50k),42168.49315068493,hybrid
C100040,1,Camera,Electronics,Economy (10k-50k),40457.56896551724,hybrid
C100040,2,Charger,Electronics,Economy (10k-50k),40528.6690647482,hybrid
C100040,3,Headphones,Electronics,Economy (10k-50k),37753.19708029197,hybrid
C100040,4,Monitor,Electronics,Economy (10k-50k),39769.319727891154,hybrid
C100040,5,Tablet,Electronics,Economy (10k-50k),42168.49315068493,hybrid
C100041,1,Camera,Electronics,Economy (10k-50k),40457.56896551724,hybrid
C100041,2,Charger,Electronics,Economy (10k-50k),40528.6690647482,hybrid
C100041,3,Headphones,Electronics,Economy (10k-50k),37753.19708029197,hybrid
C100041,4,Monitor,Electronics,Economy (10k-50k),39769.319727891154,hybrid
C100041,5,Tablet,Electronics,Economy (10k-50k),42168.49315068493,hybrid
C100042,1,Camera,Electronics,Economy (10k-50k),40457.56896551724,hybrid
C100042,2,Charger,Electronics,Economy (10k-50k),40528.6690647482,hybrid
C100042,3,Headphones,Electronics,Economy (10k-50k),37753.19708029197,hybrid
C100042,4,Monitor,Electronics,Economy (10k-50k),39769.319727891154,hybrid
C100042,5,Tablet,Electronics,Economy (10k-50k),42168.49315068493,hybrid
C100043,1,Camera,Electronics,Economy (10k-50k),40457.56896551724,hybrid
C100043,2,Charger,Electronics,Economy (10k-50k),40528.6690647482,hybrid
C100043,3,Headphones,Electronics,Economy (10k-50k),37753.19708029197,hybrid
C100043,4,Monitor,Electronics,Economy (10k-50k),39769.319727891154,hybrid
C100043,5,Tablet,Electronics,Economy (10k-50k),42168.49315068493,hybrid
C100044,1,Camera,Electronics,Economy (10k-50k),40457.56896551724,hybrid
C100044,2,Charger,Electronics,Economy (10k-50k),40528.6690647482,hybrid
C100044,3,Headphones,Electronics,Economy (10k-50k),37753.19708029197,hybrid
C100044,4,Monitor,Electronics,Economy (10k-50k),39769.319727891154,hybrid
C100044,5,Tablet,Electronics,Economy (10k-50k),42168.49315068493,hybrid
C100045,1,Camera,Electronics,Economy (10k-50k),40457.56896551724,hybrid
C100045,2,Charger,Electronics,Economy (10k-50k),40528.6690647482,hybrid
C100045,3,Headphones,Electronics,Economy (10k-50k),37753.19708029197,hybrid
C100045,4,Monitor,Electronics,Economy (10k-50k),39769.319727891154,hybrid
C100045,5,Tablet,Electronics,Economy (10k-50k),42168.49315068493,hybrid
C100046,1,Camera,Electronics,Economy (10k-50k),40457.56896551724,hybrid
C100046,2,Charger,Electronics,Economy (10k-50k),40528.6690647482,hybrid
C100046,3,Headphones,Electronics,Economy (10k-50k),37753.19708029197,hybrid
C100046,4,Monitor,Electronics,Economy (10k-50k),39769.319727891154,hybrid
C100046,5,Tablet,Electronics,Economy (10k-50k),42168.49315068493,hybrid
C100047,1,Camera,Electronics,Economy (10k-50k),40457.56896551724,hybrid
C100047,2,Charger,Electronics,Economy (10k-50k),40528.6690647482,hybrid
C100047,3,Headphones,Electronics,Economy (10k-50k),37753.19708029197,hybrid
C100047,4,Monitor,Electronics,Economy (10k-50k),39769.319727891154,hybrid
C100047,5,Tablet,Electronics,Economy (10k-50k),42168.49315068493,hybrid
C100048,1,Camera,Electronics,Economy (10k-50k),40457.56896551724,hybrid
C100048,2,Charger,Electronics,Economy (10k-50k),40528.6690647482,hybrid
C100048,3,Headphones,Electronics,Economy (10k-50k),37753.19708029197,hybrid
C100048,4,Monitor,Electronics,Economy (10k-50k),39769.319727891154,hybrid
C100048,5,Tablet,Electronics,Economy (10k-50k),42168.49315068493,hybrid
C100049,1,Camera,Electronics,Economy (10k-50k),40457.56896551724,hybrid
C100049,2,Charger,Electronics,Economy (10k-50k),40528.6690647482,hybrid
C100049,3,Headphones,Electronics,Economy (10k-50k),37753.19708029197,hybrid
C100049,4,Monitor,Electronics,Economy (10k-50k),39769.319727891154,hybrid
C100049,5,Tablet,Electronics,Economy (10k-50k),42168.49315068493,hybrid
C100050,1,Camera,Electronics,Economy (10k-50k),40457.56896551724,hybrid
C100050,2,Charger,Electronics,Economy (10k-50k),40528.6690647482,hybrid
C100050,3,Headphones,Electronics,Economy (10k-50k),37753.19708029197,hybrid
C100050,4,Monitor,Electronics,Economy (10k-50k),39769.319727891154,hybrid
C100050,5,Tablet,Electronics,Economy (10k-50k),42168.49315068493,hybrid
C100051,1,Camera,Electronics,Economy (10k-50k),40457.56896551724,hybrid
C100051,2,Charger,Electronics,Economy (10k-50k),40528.6690647482,hybrid
C100051,3,Headphones,Electronics,Economy (10k-50k),37753.19708029197,hybrid
C100051,4,Monitor,Electronics,Economy (10k-50k),39769.319727891154,hybrid
C100051,5,Tablet,Electronics,Economy (10k-50k),42168.49315068493,hybrid
C100052,1,Camera,Electronics,Economy (10k-50k),40457.56896551724,hybrid
C100052,2,Charger,Electronics,Economy (10k-50k),40528.6690647482,hybrid
C100052,3,Headphones,Electronics,Economy (10k-50k),37753.19708029197,hybrid
C100052,4,Monitor,Electronics,Economy (10k-50k),39769.319727891154,hybrid
C100052,5,Tablet,Electronics,Economy (10k-50k),42168.49315068493,hybrid
C100053,1,Camera,Electronics,Economy (10k-50k),40457.56896551724,hybrid
C100053,2,Charger,Electronics,Economy (10k-50k),40528.6690647482,hybrid
C100053,3,Headphones,Electronics,Economy (10k-50k),37753.19708029197,hybrid
C100053,4,Monitor,Electronics,Economy (10k-50k),39769.319727891154,hybrid
C100053,5,Tablet,Electronics,Economy (10k-50k),42168.49315068493,hybrid
C100054,1,Camera,Electronics,Economy (10k-50k),40457.56896551724,hybrid
C100054,2,Charger,Electronics,Economy (10k-50k),40528.6690647482,hybrid
C100054,3,Headphones,Electronics,Economy (10k-50k),37753.19708029197,hybrid
C100054,4,Monitor,Electronics,Economy (10k-50k),39769.319727891154,hybrid
C100054,5,Tablet,Electronics,Economy (10k-50k),42168.49315068493,hybrid
C100055,1,Camera,Electronics,Economy (10k-50k),40457.56896551724,hybrid
C100055,2,Charger,Electronics,Economy (10k-50k),40528.6690647482,hybrid
C100055,3,Headphones,Electronics,Economy (10k-50k),37753.19708029197,hybrid
C100055,4,Monitor,Electronics,Economy (10k-50k),39769.319727891154,hybrid
C100055,5,Tablet,Electronics,Economy (10k-50k),42168.49315068493,hybrid
C100056,1,Camera,Electronics,Economy (10k-50k),40457.56896551724,hybrid
C100056,2,Charger,Electronics,Economy (10k-50k),40528.6690647482,hybrid
C100056,3,Headphones,Electronics,Economy (10k-50k),37753.19708029197,hybrid
C100056,4,Monitor,Electronics,Economy (10k-50k),39769.319727891154,hybrid
C100056,5,Tablet,Electronics,Economy (10k-50k),42168.49315068493,hybrid
C100057,1,Camera,Electronics,Economy (10k-50k),40457.56896551724,hybrid
C100057,2,Charger,Electronics,Economy (10k-50k),40528.6690647482,hybrid
C100057,3,Headphones,Electronics,Economy (10k-50k),37753.19708029197,hybrid
C100057,4,Monitor,Electronics,Economy (10k-50k),39769.319727891154,hybrid
C100057,5,Tablet,Electronics,Economy (10k-50k),42168.49315068493,hybrid
C100058,1,Camera,Electronics,Economy (10k-50k),40457.56896551724,hybrid
C100058,2,Charger,Electronics,Economy (10k-50k),40528.6690647482,hybrid
C100058,3,Headphones,Electronics,Economy (10k-50k),37753.19708029197,hybrid
C100058,4,Monitor,Electronics,Economy (10k-50k),39769.319727891154,hybrid
C100058,5,Tablet,Electronics,Economy (10k-50k),42168.49315068493,hybrid
C100059,1,Camera,Electronics,Economy (10k-50k),40457.56896551724,hybrid
C100059,2,Charger,Electronics,Economy (10k-50k),40528.6690647482,hybrid
C100059,3,Headphones,Electronics,Economy (10k-50k),37753.19708029197,hybrid
C100059,4,Monitor,Electronics,Economy (10k-50k),39769.319727891154,hybrid
C100059,5,Tablet,Electronics,Economy (10k-50k),42168.49315068493,hybrid
C100060,1,Camera,Electronics,Economy (10k-50k),40457.56896551724,hybrid
C100060,2,Charger,Electronics,Economy (10k-50k),40528.6690647482,hybrid
C100060,3,Headphones,Electronics,Economy (10k-50k),37753.19708029197,hybrid
C100060,4,Monitor,Electronics,Economy (10k-50k),39769.319727891154,hybrid
C100060,5,Tablet,Electronics,Economy (10k-50k),42168.49315068493,hybrid
C100061,1,Camera,Electronics,Economy (10k-50k),40457.56896551724,hybrid
C100061,2,Charger,Electronics,Economy (10k-50k),40528.6690647482,hybrid
C100061,3,Headphones,Electronics,Economy (10k-50k),37753.19708029197,hybrid
C100061,4,Monitor,Electronics,Economy (10k-50k),39769.319727891154,hybrid
C100061,5,Tablet,Electronics,Economy (10k-50k),42168.49315068493,hybrid
C100062,1,Camera,Electronics,Economy (10k-50k),40457.56896551724,hybrid
C100062,2,Charger,Electronics,Economy (10k-50k),40528.6690647482,hybrid
C100062,3,Headphones,Electronics,Economy (10k-50k),37753.19708029197,hybrid
C100062,4,Monitor,Electronics,Economy (10k-50k),39769.319727891154,hybrid
C100062,5,Tablet,Electronics,Economy (10k-50k),42168.49315068493,hybrid
C100063,1,Camera,Electronics,Economy (10k-50k),40457.56896551724,hybrid
C100063,2,Charger,Electronics,Economy (10k-50k),40528.6690647482,hybrid
C100063,3,Headphones,Electronics,Economy (10k-50k),37753.19708029197,hybrid
C100063,4,Monitor,Electronics,Economy (10k-50k),39769.319727891154,hybrid
C100063,5,Tablet,Electronics,Economy (10k-50k),42168.49315068493,hybrid
C100064,1,Camera,Electronics,Economy (10k-50k),40457.56896551724,hybrid
C100064,2,Charger,Electronics,Economy (10k-50k),40528.6690647482,hybrid
C100064,3,Headphones,Electronics,Economy (10k-50k),37753.19708029197,hybrid
C100064,4,Monitor,Electronics,Economy (10k-50k),39769.319727891154,hybrid
C100064,5,Tablet,Electronics,Economy (10k-50k),42168.49315068493,hybrid
C100065,1,Camera,Electronics,Economy (10k-50k),40457.56896551724,hybrid
C100065,2,Charger,Electronics,Economy (10k-50k),40528.6690647482,hybrid
C100065,3,Headphones,Electronics,Economy (10k-50k),37753.19708029197,hybrid
C100065,4,Monitor,Electronics,Economy (10k-50k),39769.319727891154,hybrid
C100065,5,Tablet,Electronics,Economy (10k-50k),42168.49315068493,hybrid
C100066,1,Camera,Electronics,Economy (10k-50k),40457.56896551724,hybrid
C100066,2,Charger,Electronics,Economy (10k-50k),40528.6690647482,hybrid
C100066,3,Headphones,Electronics,Economy (10k-50k),37753.19708029197,hybrid
C100066,4,Monitor,Electronics,Economy (10k-50k),39769.319727891154,hybrid
C100066,5,Tablet,Electronics,Economy (10k-50k),42168.49315068493,hybrid
C100067,1,Camera,Electronics,Economy (10k-50k),40457.56896551724,hybrid
C100067,2,Charger,Electronics,Economy (10k-50k),40528.6690647482,hybrid
C100067,3,Headphones,Electronics,Economy (10k-50k),37753.19708029197,hybrid
C100067,4,Monitor,Electronics,Economy (10k-50k),39769.319727891154,hybrid
C100067,5,Tablet,Electronics,Economy (10k-50k),42168.49315068493,hybrid
C100068,1,Camera,Electronics,Economy (10k-50k),40457.56896551724,hybrid
C100068,2,Charger,Electronics,Economy (10k-50k),40528.6690647482,hybrid
C100068,3,Headphones,Electronics,Economy (10k-50k),37753.19708029197,hybrid
C100068,4,Monitor,Electronics,Economy (10k-50k),39769.319727891154,hybrid
C100068,5,Tablet,Electronics,Economy (10k-50k),42168.49315068493,hybrid
C100069,1,Camera,Electronics,Economy (10k-50k),40457.56896551724,hybrid
C100069,2,Charger,Electronics,Economy (10k-50k),40528.6690647482,hybrid
C100069,3,Headphones,Electronics,Economy (10k-50k),37753.19708029197,hybrid
C100069,4,Monitor,Electronics,Economy (10k-50k),39769.319727891154,hybrid
C100069,5,Tablet,Electronics,Economy (10k-50k),42168.49315068493,hybrid
C100070,1,Camera,Electronics,Economy (10k-50k),40457.56896551724,hybrid
C100070,2,Charger,Electronics,Economy (10k-50k),40528.6690647482,hybrid
C100070,3,Headphones,Electronics,Economy (10k-50k),37753.19708029197,hybrid
C100070,4,Monitor,Electronics,Economy (10k-50k),39769.319727891154,hybrid
C100070,5,Tablet,Electronics,Economy (10k-50k),42168.49315068493,hybrid
C100071,1,Camera,Electronics,Economy (10k-50k),40457.56896551724,hybrid
C100071,2,Charger,Electronics,Economy (10k-50k),40528.6690647482,hybrid
C100071,3,Headphones,Electronics,Economy (10k-50k),37753.19708029197,hybrid
C100071,4,Monitor,Electronics,Economy (10k-50k),39769.319727891154,hybrid
C100071,5,Tablet,Electronics,Economy (10k-50k),42168.49315068493,hybrid
C100072,1,Camera,Electronics,Economy (10k-50k),40457.56896551724,hybrid
C100072,2,Charger,Electronics,Economy (10k-50k),40528.6690647482,hybrid
C100072,3,Headphones,Electronics,Economy (10k-50k),37753.19708029197,hybrid
C100072,4,Monitor,Electronics,Economy (10k-50k),39769.319727891154,hybrid
C100072,5,Tablet,Electronics,Economy (10k-50k),42168.49315068493,hybrid
C100073,1,Camera,Electronics,Economy (10k-50k),40457.56896551724,hybrid
C100073,2,Charger,Electronics,Economy (10k-50k),40528.6690647482,hybrid
C100073,3,Headphones,Electronics,Economy (10k-50k),37753.19708029197,hybrid
C100073,4,Monitor,Electronics,Economy (10k-50k),39769.319727891154,hybrid
C100073,5,Tablet,Electronics,Economy (10k-50k),42168.49315068493,hybrid
C100074,1,Camera,Electronics,Economy (10k-50k),40457.56896551724,hybrid
C100074,2,Charger,Electronics,Economy (10k-50k),40528.6690647482,hybrid
C100074,3,Headphones,Electronics,Economy (10k-50k),37753.19708029197,hybrid
C100074,4,Monitor,Electronics,Economy (10k-50k),39769.319727891154,hybrid
C100074,5,Tablet,Electronics,Economy (10k-50k),42168.49315068493,hybrid
C100075,1,Camera,Electronics,Economy (10k-50k),40457.56896551724,hybrid
C100075,2,Charger,Electronics,Economy (10k-50k),40528.6690647482,hybrid
C100075,3,Headphones,Electronics,Economy (10k-50k),37753.19708029197,hybrid
C100075,4,Monitor,Electronics,Economy (10k-50k),39769.319727891154,hybrid
C100075,5,Tablet,Electronics,Economy (10k-50k),42168.49315068493,hybrid
C100076,1,Camera,Electronics,Economy (10k-50k),40457.56896551724,hybrid
C100076,2,Charger,Electronics,Economy (10k-50k),40528.6690647482,hybrid
C100076,3,Headphones,Electronics,Economy (10k-50k),37753.19708029197,hybrid
C100076,4,Monitor,Electronics,Economy (10k-50k),39769.319727891154,hybrid
C100076,5,Tablet,Electronics,Economy (10k-50k),42168.49315068493,hybrid
C100077,1,Camera,Electronics,Economy (10k-50k),40457.56896551724,hybrid
C100077,2,Charger,Electronics,Economy (10k-50k),40528.6690647482,hybrid
C100077,3,Headphones,Electronics,Economy (10k-50k),37753.19708029197,hybrid
C100077,4,Monitor,Electronics,Economy (10k-50k),39769.319727891154,hybrid
C100077,5,Tablet,Electronics,Economy (10k-50k),42168.49315068493,hybrid
C100078,1,Camera,Electronics,Economy (10k-50k),40457.56896551724,hybrid
C100078,2,Charger,Electronics,Economy (10k-50k),40528.6690647482,hybrid
C100078,3,Headphones,Electronics,Economy (10k-50k),37753.19708029197,hybrid
C100078,4,Monitor,Electronics,Economy (10k-50k),39769.319727891154,hybrid
C100078,5,Tablet,Electronics,Economy (10k-50k),42168.49315068493,hybrid
C100079,1,Camera,Electronics,Economy (10k-50k),40457.56896551724,hybrid
C100079,2,Charger,Electronics,Economy (10k-50k),40528.6690647482,hybrid
C100079,3,Headphones,Electronics,Economy (10k-50k),37753.19708029197,hybrid
C100079,4,Monitor,Electronics,Economy (10k-50k),39769.319727891154,hybrid
C100079,5,Tablet,Electronics,Economy (10k-50k),42168.49315068493,hybrid
C100080,1,Camera,Electronics,Economy (10k-50k),40457.56896551724,hybrid
C100080,2,Charger,Electronics,Economy (10k-50k),40528.6690647482,hybrid
C100080,3,Headphones,Electronics,Economy (10k-50k),37753.19708029197,hybrid
C100080,4,Monitor,Electronics,Economy (10k-50k),39769.319727891154,hybrid
C100080,5,Tablet,Electronics,Economy (10k-50k),42168.49315068493,hybrid
C100081,1,Camera,Electronics,Economy (10k-50k),40457.56896551724,hybrid
C100081,2,Charger,Electronics,Economy (10k-50k),40528.6690647482,hybrid
C100081,3,Headphones,Electronics,Economy (10k-50k),37753.19708029197,hybrid
C100081,4,Monitor,Electronics,Economy (10k-50k),39769.319727891154,hybrid
C100081,5,Tablet,Electronics,Economy (10k-50k),42168.49315068493,hybrid
C100082,1,Camera,Electronics,Economy (10k-50k),40457.56896551724,hybrid
C100082,2,Charger,Electronics,Economy (10k-50k),40528.6690647482,hybrid
C100082,3,Headphones,Electronics,Economy (10k-50k),37753.19708029197,hybrid
C100082,4,Monitor,Electronics,Economy (10k-50k),39769.319727891154,hybrid
C100082,5,Tablet,Electronics,Economy (10k-50k),42168.49315068493,hybrid
C100083,1,Camera,Electronics,Economy (10k-50k),40457.56896551724,hybrid
C100083,2,Charger,Electronics,Economy (10k-50k),40528.6690647482,hybrid
C100083,3,Headphones,Electronics,Economy (10k-50k),37753.19708029197,hybrid
C100083,4,Monitor,Electronics,Economy (10k-50k),39769.319727891154,hybrid
C100083,5,Tablet,Electronics,Economy (10k-50k),42168.49315068493,hybrid
C100084,1,Camera,Electronics,Economy (10k-50k),40457.56896551724,hybrid
C100084,2,Charger,Electronics,Economy (10k-50k),40528.6690647482,hybrid
C100084,3,Headphones,Electronics,Economy (10k-50k),37753.19708029197,hybrid
C100084,4,Monitor,Electronics,Economy (10k-50k),39769.319727891154,hybrid
C100084,5,Tablet,Electronics,Economy (10k-50k),42168.49315068493,hybrid
C100085,1,Camera,Electronics,Economy (10k-50k),40457.56896551724,hybrid
C100085,2,Charger,Electronics,Economy (10k-50k),40528.6690647482,hybrid
C100085,3,Headphones,Electronics,Economy (10k-50k),37753.19708029197,hybrid
C100085,4,Monitor,Electronics,Economy (10k-50k),39769.319727891154,hybrid
C100085,5,Tablet,Electronics,Economy (10k-50k),42168.49315068493,hybrid
C100086,1,Camera,Electronics,Economy (10k-50k),40457.56896551724,hybrid
C100086,2,Charger,Electronics,Economy (10k-50k),40528.6690647482,hybrid
C100086,3,Headphones,Electronics,Economy (10k-50k),37753.19708029197,hybrid
C100086,4,Monitor,Electronics,Economy (10k-50k),39769.319727891154,hybrid
C100086,5,Tablet,Electronics,Economy (10k-50k),42168.49315068493,hybrid
C100087,1,Camera,Electronics,Economy (10k-50k),40457.56896551724,hybrid
C100087,2,Charger,Electronics,Economy (10k-50k),40528.6690647482,hybrid
C100087,3,Headphones,Electronics,Economy (10k-50k),37753.19708029197,hybrid
C100087,4,Monitor,Electronics,Economy (10k-50k),39769.319727891154,hybrid
C100087,5,Tablet,Electronics,Economy (10k-50k),42168.49315068493,hybrid
C100088,1,Camera,Electronics,Economy (10k-50k),40457.56896551724,hybrid
C100088,2,Charger,Electronics,Economy (10k-50k),40528.6690647482,hybrid
C100088,3,Headphones,Electronics,Economy (10k-50k),37753.19708029197,hybrid
C100088,4,Monitor,Electronics,Economy (10k-50k),39769.319727891154,hybrid
C100088,5,Tablet,Electronics,Economy (10k-50k),42168.49315068493,hybrid
C100089,1,Camera,Electronics,Economy (10k-50k),40457.56896551724,hybrid
C100089,2,Charger,Electronics,Economy (10k-50k),40528.6690647482,hybrid
C100089,3,Headphones,Electronics,Economy (10k-50k),37753.19708029197,hybrid
C100089,4,Monitor,Electronics,Economy (10k-50k),39769.319727891154,hybrid
C100089,5,Tablet,Electronics,Economy (10k-50k),42168.49315068493,hybrid
C100090,1,Camera,Electronics,Economy (10k-50k),40457.56896551724,hybrid
C100090,2,Charger,Electronics,Economy (10k-50k),40528.6690647482,hybrid
C100090,3,Headphones,Electronics,Economy (10k-50k),37753.19708029197,hybrid
C100090,4,Monitor,Electronics,Economy (10k-50k),39769.319727891154,hybrid
C100090,5,Tablet,Electronics,Economy (10k-50k),42168.49315068493,hybrid
C100091,1,Camera,Electronics,Economy (10k-50k),40457.56896551724,hybrid
C100091,2,Charger,Electronics,Economy (10k-50k),40528.6690647482,hybrid
C100091,3,Headphones,Electronics,Economy (10k-50k),37753.19708029197,hybrid
C100091,4,Monitor,Electronics,Economy (10k-50k),39769.319727891154,hybrid
C100091,5,Tablet,Electronics,Economy (10k-50k),42168.49315068493,hybrid
C100092,1,Camera,Electronics,Economy (10k-50k),40457.56896551724,hybrid
C100092,2,Charger,Electronics,Economy (10k-50k),40528.6690647482,hybrid
C100092,3,Headphones,Electronics,Economy (10k-50k),37753.19708029197,hybrid
C100092,4,Monitor,Electronics,Economy (10k-50k),39769.319727891154,hybrid
C100092,5,Tablet,Electronics,Economy (10k-50k),42168.49315068493,hybrid
C100093,1,Camera,Electronics,Economy (10k-50k),40457.56896551724,hybrid
C100093,2,Charger,Electronics,Economy (10k-50k),40528.6690647482,hybrid
C100093,3,Headphones,Electronics,Economy (10k-50k),37753.19708029197,hybrid
C100093,4,Monitor,Electronics,Economy (10k-50k),39769.319727891154,hybrid
C100093,5,Tablet,Electronics,Economy (10k-50k),42168.49315068493,hybrid
C100094,1,Camera,Electronics,Economy (10k-50k),40457.56896551724,hybrid
C100094,2,Charger,Electronics,Economy (10k-50k),40528.6690647482,hybrid
C100094,3,Headphones,Electronics,Economy (10k-50k),37753.19708029197,hybrid
C100094,4,Monitor,Electronics,Economy (10k-50k),39769.319727891154,hybrid
C100094,5,Tablet,Electronics,Economy (10k-50k),42168.49315068493,hybrid
C100095,1,Camera,Electronics,Economy (10k-50k),40457.56896551724,hybrid
C100095,2,Charger,Electronics,Economy (10k-50k),40528.6690647482,hybrid
C100095,3,Headphones,Electronics,Economy (10k-50k),37753.19708029197,hybrid
C100095,4,Monitor,Electronics,Economy (10k-50k),39769.319727891154,hybrid
C100095,5,Tablet,Electronics,Economy (10k-50k),42168.49315068493,hybrid
C100096,1,Camera,Electronics,Economy (10k-50k),40457.56896551724,hybrid
C100096,2,Charger,Electronics,Economy (10k-50k),40528.6690647482,hybrid
C100096,3,Headphones,Electronics,Economy (10k-50k),37753.19708029197,hybrid
C100096,4,Monitor,Electronics,Economy (10k-50k),39769.319727891154,hybrid
C100096,5,Tablet,Electronics,Economy (10k-50k),42168.49315068493,hybrid
C100097,1,Camera,Electronics,Economy (10k-50k),40457.56896551724,hybrid
C100097,2,Charger,Electronics,Economy (10k-50k),40528.6690647482,hybrid
C100097,3,Headphones,Electronics,Economy (10k-50k),37753.19708029197,hybrid
C100097,4,Monitor,Electronics,Economy (10k-50k),39769.319727891154,hybrid
C100097,5,Tablet,Electronics,Economy (10k-50k),42168.49315068493,hybrid
C100098,1,Camera,Electronics,Economy (10k-50k),40457.56896551724,hybrid
C100098,2,Charger,Electronics,Economy (10k-50k),40528.6690647482,hybrid
C100098,3,Headphones,Electronics,Economy (10k-50k),37753.19708029197,hybrid
C100098,4,Monitor,Electronics,Economy (10k-50k),39769.319727891154,hybrid
C100098,5,Tablet,Electronics,Economy (10k-50k),42168.49315068493,hybrid
C100099,1,Camera,Electronics,Economy (10k-50k),40457.56896551724,hybrid
C100099,2,Charger,Electronics,Economy (10k-50k),40528.6690647482,hybrid
C100099,3,Headphones,Electronics,Economy (10k-50k),37753.19708029197,hybrid
C100099,4,Monitor,Electronics,Economy (10k-50k),39769.319727891154,hybrid
C100099,5,Tablet,Electronics,Economy (10k-50k),42168.49315068493,hybrid
